player_id,team,competition,season,source_url,coverage_note
5503,Barcelona,La Liga,2004/05,https://www.fcbarcelona.com/en/football/first-team/players/4974/lionel-andres-messi,Complete Barcelona club honours only; no current career total
5503,Barcelona,La Liga,2005/06,https://www.fcbarcelona.com/en/football/first-team/players/4974/lionel-andres-messi,Complete Barcelona club honours only; no current career total
5503,Barcelona,La Liga,2008/09,https://www.fcbarcelona.com/en/football/first-team/players/4974/lionel-andres-messi,Complete Barcelona club honours only; no current career total
5503,Barcelona,La Liga,2009/10,https://www.fcbarcelona.com/en/football/first-team/players/4974/lionel-andres-messi,Complete Barcelona club honours only; no current career total
5503,Barcelona,La Liga,2010/11,https://www.fcbarcelona.com/en/football/first-team/players/4974/lionel-andres-messi,Complete Barcelona club honours only; no current career total
5503,Barcelona,La Liga,2012/13,https://www.fcbarcelona.com/en/football/first-team/players/4974/lionel-andres-messi,Complete Barcelona club honours only; no current career total
5503,Barcelona,La Liga,2014/15,https://www.fcbarcelona.com/en/football/first-team/players/4974/lionel-andres-messi,Complete Barcelona club honours only; no current career total
5503,Barcelona,La Liga,2015/16,https://www.fcbarcelona.com/en/football/first-team/players/4974/lionel-andres-messi,Complete Barcelona club honours only; no current career total
5503,Barcelona,La Liga,2017/18,https://www.fcbarcelona.com/en/football/first-team/players/4974/lionel-andres-messi,Complete Barcelona club honours only; no current career total
5503,Barcelona,La Liga,2018/19,https://www.fcbarcelona.com/en/football/first-team/players/4974/lionel-andres-messi,Complete Barcelona club honours only; no current career total
5503,Barcelona,Champions League,2005/06,https://www.fcbarcelona.com/en/football/first-team/players/4974/lionel-andres-messi,Complete Barcelona club honours only; no current career total
5503,Barcelona,Champions League,2008/09,https://www.fcbarcelona.com/en/football/first-team/players/4974/lionel-andres-messi,Complete Barcelona club honours only; no current career total
5503,Barcelona,Champions League,2010/11,https://www.fcbarcelona.com/en/football/first-team/players/4974/lionel-andres-messi,Complete Barcelona club honours only; no current career total
5503,Barcelona,Champions League,2014/15,https://www.fcbarcelona.com/en/football/first-team/players/4974/lionel-andres-messi,Complete Barcelona club honours only; no current career total
5503,Barcelona,Copa del Rey,2008/09,https://www.fcbarcelona.com/en/football/first-team/players/4974/lionel-andres-messi,Complete Barcelona club honours only; no current career total
5503,Barcelona,Copa del Rey,2011/12,https://www.fcbarcelona.com/en/football/first-team/players/4974/lionel-andres-messi,Complete Barcelona club honours only; no current career total
5503,Barcelona,Copa del Rey,2014/15,https://www.fcbarcelona.com/en/football/first-team/players/4974/lionel-andres-messi,Complete Barcelona club honours only; no current career total
5503,Barcelona,Copa del Rey,2015/16,https://www.fcbarcelona.com/en/football/first-team/players/4974/lionel-andres-messi,Complete Barcelona club honours only; no current career total
5503,Barcelona,Copa del Rey,2016/17,https://www.fcbarcelona.com/en/football/first-team/players/4974/lionel-andres-messi,Complete Barcelona club honours only; no current career total
5503,Barcelona,Copa del Rey,2017/18,https://www.fcbarcelona.com/en/football/first-team/players/4974/lionel-andres-messi,Complete Barcelona club honours only; no current career total
5503,Barcelona,Copa del Rey,2020/21,https://www.fcbarcelona.com/en/football/first-team/players/4974/lionel-andres-messi,Complete Barcelona club honours only; no current career total
5503,Barcelona,Club World Cup,2009/10,https://www.fcbarcelona.com/en/football/first-team/players/4974/lionel-andres-messi,Complete Barcelona club honours only; no current career total
5503,Barcelona,Club World Cup,2011/12,https://www.fcbarcelona.com/en/football/first-team/players/4974/lionel-andres-messi,Complete Barcelona club honours only; no current career total
5503,Barcelona,Club World Cup,2015/16,https://www.fcbarcelona.com/en/football/first-team/players/4974/lionel-andres-messi,Complete Barcelona club honours only; no current career total
5503,Barcelona,European Super Cup,2009/10,https://www.fcbarcelona.com/en/football/first-team/players/4974/lionel-andres-messi,Complete Barcelona club honours only; no current career total
5503,Barcelona,European Super Cup,2011/12,https://www.fcbarcelona.com/en/football/first-team/players/4974/lionel-andres-messi,Complete Barcelona club honours only; no current career total
5503,Barcelona,European Super Cup,2015/16,https://www.fcbarcelona.com/en/football/first-team/players/4974/lionel-andres-messi,Complete Barcelona club honours only; no current career total
5503,Barcelona,Spanish Super Cup,2005/06,https://www.fcbarcelona.com/en/football/first-team/players/4974/lionel-andres-messi,Complete Barcelona club honours only; no current career total
5503,Barcelona,Spanish Super Cup,2006/07,https://www.fcbarcelona.com/en/football/first-team/players/4974/lionel-andres-messi,Complete Barcelona club honours only; no current career total
5503,Barcelona,Spanish Super Cup,2009/10,https://www.fcbarcelona.com/en/football/first-team/players/4974/lionel-andres-messi,Complete Barcelona club honours only; no current career total
5503,Barcelona,Spanish Super Cup,2010/11,https://www.fcbarcelona.com/en/football/first-team/players/4974/lionel-andres-messi,Complete Barcelona club honours only; no current career total
5503,Barcelona,Spanish Super Cup,2011/12,https://www.fcbarcelona.com/en/football/first-team/players/4974/lionel-andres-messi,Complete Barcelona club honours only; no current career total
5503,Barcelona,Spanish Super Cup,2013/14,https://www.fcbarcelona.com/en/football/first-team/players/4974/lionel-andres-messi,Complete Barcelona club honours only; no current career total
5503,Barcelona,Spanish Super Cup,2016/17,https://www.fcbarcelona.com/en/football/first-team/players/4974/lionel-andres-messi,Complete Barcelona club honours only; no current career total
5503,Barcelona,Spanish Super Cup,2018/19,https://www.fcbarcelona.com/en/football/first-team/players/4974/lionel-andres-messi,Complete Barcelona club honours only; no current career total
